abbr_name,full_name,credits,semester,school
AAAS 306,Black Expr U.S. Since Emancptn,3,Spring2023,1
AAAS 316,Mnistr&Mgcns:Blck Rel Slav Prs,3,Spring2023,1
AAAS 332,Introdction African Literature,3,Spring2023,1
AAAS 351,Africa's Human Geographies,3,Spring2023,1
AAAS 353,Modern&Contmprary Afrcn Art,3,Spring2023,1
AAAS 355,African Theatre and Drama,3,Spring2023,1
AAAS 415,Women and Islam,3,Spring2023,1
AAAS 520,African Studies in:,3,Spring2023,1
AAAS 534,The Rhetoric of Black Americns,3,Spring2023,1
AAAS 550,Senior Seminar in:,3,Spring2023,1
AAAS 598,Sexuality&Gender Africa Histry,3,Spring2023,1
ABSC 309,Child Life: Theory & Practice,3,Spring2023,1
ABSC 310,Building Healthy Communities,3,Spring2023,1
ABSC 311,"Buildg Healthy Communities,Hnr",3,Spring2023,1
ABSC 410,Behvrl Apprchs Wrkng Adolscnts,3,Spring2023,1
ABSC 425,Tchg Apprentcshp Apld Behv Sci,3,Spring2023,1
ABSC 694,Practicum in Juvenile Problems,6,Spring2023,1
ABSC 699,"Special Research Practicum,Hnr",6,Spring2023,1
ACCT 205,Survey of Accounting,3,Spring2023,1
ACCT 313,Financial Analysis & Analytics,3,Spring2023,1
ACCT 411,"Intermedte Accounting II, Hnrs",3,Spring2023,1
ACCT 515,Accnting Professnl Communictns,3,Spring2023,1
ADS 300,Foundations in UI/UX Design,3,Spring2023,1
ADS 340,History & Philosophy of Design,3,Spring2023,1
ADS 532,Study Abroad:,3,Spring2023,1
ADS 533,Study Abroad Documentation,3,Spring2023,1
AE 360,Introduction to Astronautics,3,Spring2023,1
AE 430,Aerospace Instrumentation Labr,3,Spring2023,1
AE 445,Aircraft Aerodynamc&Performanc,3,Spring2023,1
AE 508,Aerospace Structures II,3,Spring2023,1
AE 509,Honors Aerospace Structures II,3,Spring2023,1
AE 522,Aerospace Systems Design II,4,Spring2023,1
AE 523,Space Systems Design II,4,Spring2023,1
AE 551,Dynamics of Flight II,4,Spring2023,1
AE 552,Honors Dynamics of Flight II,4,Spring2023,1
AE 572,Fundamentals of Jet Propulsion,3,Spring2023,1
AE 573,Honors Propulsion,3,Spring2023,1
AEC   2,Level 2 Support Course,2,Spring2023,1
AEC   5,Shrt Trm Prgm AEC Crse Enrlmn:,0,Spring2023,1
AEC   7,Sht Trm Prgm Self-Cntnd Enrlm:,1,Spring2023,1
AIR 148,Heritage&Values of the USAF II,1,Spring2023,1
AIR 288,Team&Leadership Fundamentls II,1,Spring2023,1
AIR 348,Leadng People&Effective Com II,3,Spring2023,1
AIR 408,NatSec/Leadrshp&Commissiong II,3,Spring2023,1
AMS 306,Black Expr U.S. Since Emancptn,3,Spring2023,1
AMS 316,Mnistr&Mgcns:Blck Rel Slav Prs,3,Spring2023,1
AMS 550,Research Seminar in:,3,Spring2023,1
ANTH 301,Anthropology Through Films,3,Spring2023,1
ANTH 315,The Prehistory of Art,3,Spring2023,1
ANTH 317,Prehistory of Europe & Asia,3,Spring2023,1
ANTH 391,Topics in Anthropology:,3,Spring2023,1
ANTH 406,Archaeological Reserch Methods,3,Spring2023,1
ANTH 415,The Rise of Civilization,3,Spring2023,1
ANTH 491,Study Abroad Topics in:,5,Spring2023,1
ANTH 501,Tpc Sociocultural Anthropolgy:,3,Spring2023,1
ANTH 504,North American Archaeology,3,Spring2023,1
ANTH 506,Pre-Hispnc Mexico&Centrl Amrca,3,Spring2023,1
ANTH 582,Ethnobotany,3,Spring2023,1
ARAB 120,Elementary Arabic II,5,Spring2023,1
ARAB 220,Intermediate Arabic II,3,Spring2023,1
ARAB 320,Advanced Arabic II,3,Spring2023,1
ARAB 402,Readings in Arabic II,3,Spring2023,1
ARCE 315,Electric Circuits and Machines,3,Spring2023,1
ARCE 350,Building Materials Science,3,Spring2023,1
ARCE 351,"Buildng Materils Science, Hnrs",3,Spring2023,1
ARCE 641,Power Systems Engineering II,3,Spring2023,1
ARCE 650,Illumination Engineering,3,Spring2023,1
ARCE 661,HVAC&R Systems Design,3,Spring2023,1
ARCE 664,Fire Protection Engineering,3,Spring2023,1
ARCE 671,"HVAC&R Systems Design, Honors",3,Spring2023,1
ARCH 101,Architectural Foundations II,4,Spring2023,1
ARCH 109,Architectural Foundations II,6,Spring2023,1
ARCH 110,Introduction to Computing,3,Spring2023,1
ARCH 209,"Sustainability, Site, &Context",6,Spring2023,1
ARCH 502,Architectural Foundations II,6,Spring2023,1
ARCH 504,Sustainability and Context,6,Spring2023,1
ARCH 516,Portfolio Development,3,Spring2023,1
ARCH 531,Environmental Systems II,3,Spring2023,1
ARCH 541,Glbl Hist Arch II:Ind Rev/Prsn,3,Spring2023,1
ARCH 609,Integrated Design,6,Spring2023,1
ARCH 610,Integrated Dsgn Documentation,3,Spring2023,1
ARCH 620,Theory of Urban Design,3,Spring2023,1
ARCH 623,Building Practicum,3,Spring2023,1
ARCH 624,Structures II,3,Spring2023,1
ARCH 627,Bldg Techn II:Cultr Bldg Techn,3,Spring2023,1
ARCH 648,Historic Preservation Planning,3,Spring2023,1
ARCH 649,HIstoric Preservation Tech,3,Spring2023,1
ARCH 690,Architecture Study Abroad,6,Spring2023,1
ARCH 691,Architecture Practicum,6,Spring2023,1
ARCH 692,Documentation,3,Spring2023,1
ARMY 302,Thry&Dynmc Tacticl Operatns II,3,Spring2023,1
ASLD 313,Soc Jstce & Allyshp w Deaf Com,3,Spring2023,1
ASLD 414,Historical Foundation Deaf Ed,3,Spring2023,1
ASLD 502,Thries of Intrprtng:CoCnst Mng,3,Spring2023,1
ASLD 521,Discourse Analysis of ASL,3,Spring2023,1
ASLD 603,Intrprtng: Mdtd Intractns Coms,3,Spring2023,1
ASLD 610,Psychlgcl Effcts of Intrprtng,3,Spring2023,1
ASLD 613,Soc Jstce & Allyshp w Deaf Com,3,Spring2023,1
ASLD 614,Historical Foundations Deaf Ed,3,Spring2023,1
ASTR 391,"Physical Astronomy, Honors",3,Spring2023,1
ASTR 692,Astrophysics II,3,Spring2023,1
ATMO 525,Air Pollution Meteorology,3,Spring2023,1
ATMO 605,Operational Forecasting,2,Spring2023,1
ATMO 630,Synoptic Meteorology,3,Spring2023,1
ATMO 642,Remote Sensing,3,Spring2023,1
ATMO 660,Advanced Dynamic Meteorology,3,Spring2023,1
BAND 209,Basketball Band,1,Spring2023,1
BAND 409,Basketball Band,1,Spring2023,1
BBA 304,Marketing,3,Spring2023,1
BBA 307,Intro to Internationl Business,3,Spring2023,1
BBA 403,Ethicl Decisn Makng in Busines,3,Spring2023,1
BBA 404,Entrepreneurship,3,Spring2023,1
BBA 405,Introdctn to Supply Chain Mgmt,3,Spring2023,1
BBA 500,Individual Research in Businss,5,Spring2023,1
BBA 620,Intrmediate Financl Accntng II,3,Spring2023,1
BBA 640,Principles of Auditing,3,Spring2023,1
BCRS 108,Elementry Bosn/Croatn/Serbn II,5,Spring2023,1
BCRS 109,"Elemntry Bosn/Croatn&Serb II,H",5,Spring2023,1
BCRS 208,Intermedt Bosn/Croatn/Serbn II,3,Spring2023,1
BCRS 209,"Intermd Bosn/Croatn/Serbn II,H",3,Spring2023,1
BIOL 153,"Prncpls of Organisml Biology,H",3,Spring2023,1
BIOL 200,Basic Microbiology,3,Spring2023,1
BIOL 203,Introd Microbiology Laboratory,2,Spring2023,1
BIOL 412,Evolutionary Biology,4,Spring2023,1
BIOL 417,Biology of Development,3,Spring2023,1
BIOL 418,Laboratory in:,2,Spring2023,1
BIOL 426,Laboratory in Cell Biology,3,Spring2023,1
BIOL 428,Introduction to Systematics,3,Spring2023,1
BIOL 506,Bacterial Infectious Diseases,3,Spring2023,1
BIOL 507,Bacterial Infectious Dis Lab,2,Spring2023,1
BIOL 512,General Virology,3,Spring2023,1
BIOL 513,Virology Laboratory,2,Spring2023,1
BIOL 533,Biology of Fungi,4,Spring2023,1
BIOL 540,General Invertebrate Zoology,4,Spring2023,1
BIOL 546,Mammalian Physiology,3,Spring2023,1
BIOL 583,Herpetology,3,Spring2023,1
BIOL 598,Research Methods,3,Spring2023,1
BIOL 622,Paleontology,3,Spring2023,1
BIOL 623,Paleontology Laboratory,1,Spring2023,1
BIOL 638,Biochemistry II,4,Spring2023,1
BIOL 639,Advancd Biochemistry Laboratry,3,Spring2023,1
BIOL 650,Advanced Neurobiology,3,Spring2023,1
BIOL 668,Evolutionary Ecology,3,Spring2023,1
BIOL 672,Gene Expression,3,Spring2023,1
BIOL 699,Biology Honors Research Collqm,1,Spring2023,1
BLAW 505,Legl Aspcts of Management Proc,3,Spring2023,1
BSAN 412,HR Management Analytics,3,Spring2023,1
BSAN 460,Supply Chain Analytics,3,Spring2023,1
BSAN 500,Ind Rsch in Business Analytics,5,Spring2023,1
BSCI 400,Microbiology,3,Spring2023,1
BSCI 401,Microbiology Laboratory,3,Spring2023,1
BSCI 435,Neurobiology,3,Spring2023,1
BSCI 599,Senior Seminar:,1,Spring2023,1
BTEC 400,Applied Immunology,3,Spring2023,1
BTEC 475,Appld Separatn&Quantv Analysis,6,Spring2023,1
BTEC 494,Selected Topics Biotechnlgy:,1,Spring2023,1
BTEC 640,Biotechnology Capstone II,3,Spring2023,1
BUS 450,"Lit&Hist Nar Prf Enrchmnt,Hnrs",3,Spring2023,1
C&PE 112,Intr Chem Engr Professn II,1,Spring2023,1
C&PE 219,Drilling Fluids Laboratory,1,Spring2023,1
C&PE 221,Chem Engineering Thermodynmcs,3,Spring2023,1
C&PE 226,Fund Biomed & Biomolecular Eng,3,Spring2023,1
C&PE 325,Numrcl Methods&Stats for Engnr,3,Spring2023,1
C&PE 327,Reservoir Engineering,4,Spring2023,1
C&PE 522,Econ Appraisl Chem&Petrl Prjct,2,Spring2023,1
C&PE 524,Chem Engr Kinetics&Reactr Dsgn,3,Spring2023,1
C&PE 525,Heat and Mass Transfer,4,Spring2023,1
C&PE 613,Chemical Engineering Design I,4,Spring2023,1
C&PE 617,Drilling and Well Completion,3,Spring2023,1
C&PE 618,Improved Oil Recovery,3,Spring2023,1
C&PE 619,Petroleum Engineering Labrty I,3,Spring2023,1
C&PE 624,Process Safety &Sustainability,3,Spring2023,1
C&PE 626,Chemical Engineering Labrty II,3,Spring2023,1
C&PE 628,Petroleum Engineering Design,3,Spring2023,1
C&T 322,Curric&Learner in Elemntry Sch,3,Spring2023,1
C&T 324,Curricm Learner Middl&High Sch,3,Spring2023,1
C&T 331,Inst Apr ESOL Lrnrs Mid/Sec Cl,3,Spring2023,1
C&T 335,Curr&Inst Mid/Sec Hist&Gov Cls,3,Spring2023,1
C&T 344,Childrn Lit in Elemntry School,3,Spring2023,1
C&T 354,Litrcy Instrctn Intermd Grades,3,Spring2023,1
C&T 355,Litrcy Practicm Intermd Grades,1,Spring2023,1
C&T 359,Literacy in the Content Areas,1,Spring2023,1
C&T 402,Professional Learning Semnr II,1,Spring2023,1
C&T 420,Tch KS Gvrnm&Cntp Pub Pol Iss:,3,Spring2023,1
C&T 497,Independent Study in:,2,Spring2023,1
C&T 500,Student Teaching in:,6,Spring2023,1
C&T 530,Curr&Instr Foreign Lang Clsrms,3,Spring2023,1
C&T 533,Cur&Inst Mid&Sec Engl/Lang Art,3,Spring2023,1
CE 455,Hydrology,3,Spring2023,1
CE 479,"Intro Envnmntl Engr&Sci, Hnrs",3,Spring2023,1
CE 480,Intro Transportatn Engineering,3,Spring2023,1
CE 484,Materials for Transportatn Fac,3,Spring2023,1
CE 555,Open Channel Flow,3,Spring2023,1
CE 573,Biol Principles of Evrnmtl Eng,3,Spring2023,1
CE 574,Dsgn of Air Polltn Cntrl Systm,3,Spring2023,1
CE 576,Municipal Wtr Supl&Waste Trtmt,4,Spring2023,1
CE 588,Foundation Engineering,3,Spring2023,1
CE 610,Engineering Ethics,3,Spring2023,1
CE 625,Applied Probability&Statistics,3,Spring2023,1
CE 677,Grad Fundmntl of Envrmntl Engr,3,Spring2023,1
CE 684,Matrls for Transprt Facilities,3,Spring2023,1
CER 302,Clay Handbuilding,3,Spring2023,1
CHAM 320,Baroque Ensemble,1,Spring2023,1
CHEM 110,Introductory Chemistry,5,Spring2023,1
CHEM 149,Chemistry for Engneers Suplmnt,2,Spring2023,1
CHEM 175,Chemistry for Chem Sciences II,5,Spring2023,1
CHEM 195,Foundations of Chemistry II Hn,3,Spring2023,1
CHEM 196,"Foundtions Chem II Lab, Honors",2,Spring2023,1
CHEM 250,Math Methods Chemical Sciences,3,Spring2023,1
CHEM 335,Organic Chemistry II,3,Spring2023,1
CHEM 336,Organic Chemistry II Laboratry,2,Spring2023,1
CHEM 385,"Organic Chemistry II, Honors",3,Spring2023,1
CHEM 535,Physical Chemistry II,3,Spring2023,1
CHEM 537,Physical Chemistry Lab,3,Spring2023,1
CHEM 598,Research Methods,3,Spring2023,1
CHEM 635,Instrumentl Methds of Analysis,2,Spring2023,1
CHEM 636,Instrumtl Mthd of Analysis Lab,3,Spring2023,1
CHEM 661,Advanced Inorganic Laboratory,2,Spring2023,1
CHEM 680,Topics in Chemistry:,3,Spring2023,1
CHIN 108,Elementary Chinese II,5,Spring2023,1
CHIN 208,Intermediate Chinese II,5,Spring2023,1
CHIN 290,Accelerated Chinese,3,Spring2023,1
CHIN 508,Advanced Modern Chinese II,5,Spring2023,1
CHIN 544,Readings in Classical Chinese:,3,Spring2023,1
CHIN 564,Modern Chinese Texts II,3,Spring2023,1
CHIN 598,Readings in :,3,Spring2023,1
CLS 530,Clincl Chemistry I,3,Spring2023,1
CLS 532,Clin Microbiology I,3,Spring2023,1
CLS 533,Clinical Microbiology I Lab,2,Spring2023,1
CLS 546,Hematology II,3,Spring2023,1
CLS 547,Hematology II Lab,2,Spring2023,1
CLS 549,Clin Immulgy I Lab,2,Spring2023,1
CLS 610,Adv Biotech Lectre,3,Spring2023,1
CLS 611,Adv Biotech Lab,2,Spring2023,1
CLS 621,Biotech Method Practicum,4,Spring2023,1
CLS 622,Problems Molecular Diagnostics,2,Spring2023,1
CLS 623,Moleclr Gene Pract,4,Spring2023,1
CLS 633,Spec Topics Practm,4,Spring2023,1
CLS 655,Molecular Biotechnology Review,0,Spring2023,1
CLSX 105,Intro Ancient Nr East&Grk Hist,3,Spring2023,1
CLSX 240,Roman Culture & Civilization,3,Spring2023,1
CLSX 310,Grk Rhetorc in Theory&Practice,3,Spring2023,1
CLSX 316,Ancient Magic and Witches,3,Spring2023,1
CLSX 340,"Roman Culture&Civilizatn, Hnrs",3,Spring2023,1
CLSX 380,Anct Grk Athltcs&Olympcs Games,3,Spring2023,1
CLSX 516,Gender&Sexuality Roman Culture,3,Spring2023,1
CLSX 529,Archaeology&Art of Anc Nr East,3,Spring2023,1
CLSX 575,Readings in:,3,Spring2023,1
CLSX 675,Studies in:,3,Spring2023,1
CMGT 500,Construction Engineering,3,Spring2023,1
COMS 235,Intr Rhetoric&Social Influence,3,Spring2023,1
COMS 236,"Intro Rhet&Soc Influence, Hnrs",3,Spring2023,1
COMS 244,Intr to Intrpersnl Comm Theory,3,Spring2023,1
COMS 405,Speech Writing,3,Spring2023,1
COMS 503,Post-Soviet Communication,3,Spring2023,1
COMS 551,The Rhetoric of Black Americns,3,Spring2023,1
COMS 552,The Rhetoric of Women's Rights,3,Spring2023,1
COMS 557,East Asian Communication,3,Spring2023,1
COMS 560,Seminar in:,3,Spring2023,1
COMS 620,Communication & New Technology,3,Spring2023,1
CVS  31,Physics II,2,Spring2023,1
CVS  36,Clinical Practicum II,8,Spring2023,1
CVS  39,Adult Echocardiography II,3,Spring2023,1
CVS  57,Vascular Ultrasound II,4,Spring2023,1
CVS  58,Pediatric Echocardiography II,4,Spring2023,1
CVS  75,Congenital Heart Disease,1,Spring2023,1
CVS  86,Clinical Practicum V,8,Spring2023,1
CZCH 108,Elementary Czech II,5,Spring2023,1
DANC 210,Rhythms & Structures of Music,3,Spring2023,1
DANC 211,Ballet II,2,Spring2023,1
DANC 215,Jazz II,2,Spring2023,1
DANC 290,Sophomore Review,0,Spring2023,1
DANC 375,Anatomy and Injury Prevention,3,Spring2023,1
DANC 411,Ballet IV,3,Spring2023,1
DANC 475,Career Preparation in the Arts,3,Spring2023,1
DANC 540,Fld Experienc in Dance Teachng,3,Spring2023,1
EALC 231,Introduction to:,3,Spring2023,1
EALC 330,China's Cultural Legacy,3,Spring2023,1
EALC 344,Manga: Histories and Theories,3,Spring2023,1
EALC 353,Language &Society in East Asia,3,Spring2023,1
EALC 367,Art and Culture of Japan,3,Spring2023,1
EALC 498,Dir Readng in East Asn Lng&Clt,4,Spring2023,1
EALC 530,China's Cultural Legacy,3,Spring2023,1
EALC 553,Language &Society in East Asia,3,Spring2023,1
EALC 642,Chinese Thought,3,Spring2023,1
EALC 666,Political Economy of East Asia,3,Spring2023,1
ECON 145,"Princpls of Macroeconomics,Hnr",3,Spring2023,1
ECON 399,Data 2:Foundations Data Scinc,3,Spring2023,1
ECON 515,Income Distribution&Inequality,3,Spring2023,1
ECON 582,Economic Development,3,Spring2023,1
ECON 620,Elemnts of Mathemtcl Economics,3,Spring2023,1
EECS 316,"Circuits, Electroncs&Instrmntn",3,Spring2023,1
EECS 317,Electronics & Instrumentation,2,Spring2023,1
EECS 318,Circuits and Electronics Lab,1,Spring2023,1
EECS 368,Programming Language Paradigms,3,Spring2023,1
EECS 412,Electronic Circuits II,4,Spring2023,1
EECS 441,Power Systems Engineering II,3,Spring2023,1
EECS 443,Digital Systems Design,4,Spring2023,1
EECS 444,Control Systems,3,Spring2023,1
EECS 447,Introductn to Database Systems,3,Spring2023,1
EECS 502,Senior Design Laboratory II,3,Spring2023,1
EECS 512,Electronic Circuits III,3,Spring2023,1
EECS 542,Computer Systems Design Lab II,3,Spring2023,1
EECS 562,Intro to Communication Systems,4,Spring2023,1
EECS 582,Cmptr Sci&Intrdspnry Cmpt Cpst,3,Spring2023,1
EECS 611,Electromagnetic Compatibility,3,Spring2023,1
EECS 628,Fiber Optic Communicatn Systms,3,Spring2023,1
EECS 649,Intr to Artificial Intelligenc,3,Spring2023,1
ENGL 209,Introduction to Fiction,3,Spring2023,1
ENGL 305,World Indigenous Literatures,3,Spring2023,1
ENGL 317,Topcs in American Lit to 1865:,3,Spring2023,1
ENGL 322,American Literature II,3,Spring2023,1
ENGL 332,Shakespeare,3,Spring2023,1
ENGL 381,Topics in Rhetoric&Compositn:,3,Spring2023,1
ENGL 479,The Literature of:,3,Spring2023,1
ENGL 492,The London Review,3,Spring2023,1
ENGL 555,Nonfiction Writing II,3,Spring2023,1
ENGL 565,The Gothic Tradition,3,Spring2023,1
ENGL 569,Modernism,3,Spring2023,1
ENTR 301,Starting Your Own Business,3,Spring2023,1
ENTR 302,Financing Your Own Business,3,Spring2023,1
ENTR 303,Marketing Your Own Business,3,Spring2023,1
ENTR 480,Management of Small Business,3,Spring2023,1
ENTR 490,Social Entrepreneurship,3,Spring2023,1
ENTR 500,Indivdl Rsrch Entrepreneurshp:,3,Spring2023,1
EPHX 601,Desgn Physical&Electronic Syst,4,Spring2023,1
EPHX 611,Introductory Quantum Mechanics,3,Spring2023,1
EPHX 615,Numerical&Computatnl Mthd Phsx,3,Spring2023,1
EPHX 621,Mechanics II,3,Spring2023,1
EPHX 631,Electromagnetic Theory,3,Spring2023,1
EPHX 661,Intro Elemntry Particle Physcs,3,Spring2023,1
EPHX 681,Concepts in Solids,3,Spring2023,1
EPHX 693,Gravitation and Cosmology,3,Spring2023,1
EPSY 305,Devlpmnt&Learng of the Child,3,Spring2023,1
EPSY 320,Basics of Classroom Assessment,1,Spring2023,1
EPSY 515,Rsearch Methds McNair Scholars,3,Spring2023,1
EPSY 520,Classroom Assessment,2,Spring2023,1
EURS 302,Eurpn Cultur&Society 1945-Pres,3,Spring2023,1
EVRN 142,Globl Env II:Ecol Hmn Civilztn,5,Spring2023,1
EVRN 145,"Glbl Evrn II:Eclgy Hmn Cvlz,Hn",5,Spring2023,1
EVRN 304,Environmental Conservation,3,Spring2023,1
EVRN 320,Environmental Policy Analysis,3,Spring2023,1
EVRN 347,Envrn History of North America,3,Spring2023,1
EVRN 385,Environmental Social Problems,3,Spring2023,1
EVRN 386,Sociology of Global Food,3,Spring2023,1
EVRN 412,Ecology: Fndmntls&Applications,3,Spring2023,1
EVRN 490,Evironmental Studies Internshp,4,Spring2023,1
EVRN 528,Environmntl Justce&Publ Policy,3,Spring2023,1
EVRN 542,Ethnobotany,3,Spring2023,1
EVRN 611,"Water Qual,Land Use&Wtrshd Eco",3,Spring2023,1
EVRN 616,Environmental Impact Assessmnt,3,Spring2023,1
EVRN 645,Native&Western Views of Nature,3,Spring2023,1
EXM 307,Installation Art I,3,Spring2023,1
EXM 326,Video and Time-Based Media I,3,Spring2023,1
EXM 526,Video and Time-Based Media II,3,Spring2023,1
EXM 535,Intermediate Expanded Media,3,Spring2023,1
EXM 536,"Intermdate Expnded Media, Hnrs",3,Spring2023,1
EXM 537,Advanced Expanded Media,3,Spring2023,1
EXM 538,"Advanced Expanded Media, Hnrs",3,Spring2023,1
EXM 577,Installation Art II,3,Spring2023,1
EXM 578,"Installation Art II, Honors",3,Spring2023,1
FIN 303,Finance Schlrs II:Fin Car&Inst,1,Spring2023,1
FIN 420,International Finance,3,Spring2023,1
FIN 445,Fixed Income,3,Spring2023,1
FIN 448,Business Valuation,3,Spring2023,1
FMS 302,Undergraduate Studes Semnr in:,3,Spring2023,1
FMS 311,Histry of  American Sound Film,3,Spring2023,1
FMS 313,Hst Intrntl Sound Flm Pst 1950,3,Spring2023,1
FMS 331,Mafia Movies,3,Spring2023,1
FMS 373,Intermediate Screenwriting,3,Spring2023,1
FMS 375,Intermediate Video Production,3,Spring2023,1
FMS 410,US Diversity in Visual Culture,3,Spring2023,1
FMS 480,Music Video Production,3,Spring2023,1
FMS 592,Documentary Film and Video,3,Spring2023,1
FREN 112,Introduction to French II,3,Spring2023,1
FREN 150,"Zombies, Aliens, Monsters",3,Spring2023,1
FREN 152,France and the French,3,Spring2023,1
FREN 302,French Written and Oral Comm 2,3,Spring2023,1
FREN 315,Le Francais Pratique,6,Spring2023,1
FREN 352,French for Journalism&Business,3,Spring2023,1
FREN 435,Intro to Translation Studies,3,Spring2023,1
FREN 481,Sci-Fi & Fantasy in French,3,Spring2023,1
FREN 530,Studies in Film:,3,Spring2023,1
FREN 601,French for Reading Knowledge,3,Spring2023,1
FREN 610,Theme et Version,3,Spring2023,1
GEOG 142,Globl Env II:Ecol Hmn Civilztn,5,Spring2023,1
GEOG 145,"Glbl Evrn II:Eclgy Hmn Cvlz,Hn",5,Spring2023,1
GEOG 332,Glaciers and Landscape,3,Spring2023,1
GEOG 351,Africa's Human Geographies,3,Spring2023,1
GEOG 372,Environmental Policy,3,Spring2023,1
GEOG 395,Environmental Issues of:,3,Spring2023,1
GEOG 399,Topics in Regional Studies:,3,Spring2023,1
GEOG 500,Senior Capstone in Geography,3,Spring2023,1
GEOG 526,Remote Sensing Environment I,4,Spring2023,1
GEOG 528,Spatial Databases,3,Spring2023,1
GEOG 558,Intermediate Geogr Info Systms,4,Spring2023,1
GEOL 301,Introduction to Oceanography,3,Spring2023,1
GEOL 304,Historical Geology,3,Spring2023,1
GEOL 331,Sedimentolgy and Stratigraphy,4,Spring2023,1
GEOL 332,Sedimentology Petroleum Engnrs,4,Spring2023,1
GEOL 502,Linear Algebra Earth Scientsts,2,Spring2023,1
GEOL 503,Numericl Mthds in Earth Scienc,3,Spring2023,1
GEOL 512,Igneous &Metamorphic Petrology,3,Spring2023,1
GEOL 513,Petrology Laboratory,1,Spring2023,1
GEOL 521,Paleontology,3,Spring2023,1
GEOL 523,Paleontology Laboratory,1,Spring2023,1
GEOL 552,Introduction to Hydrogeology,3,Spring2023,1
GEOL 562,Structural Geology,4,Spring2023,1
GERM 100,German Reading Course I,3,Spring2023,1
GERM 112,Introduction to German II,3,Spring2023,1
GERM 302,High Intermediate German II,3,Spring2023,1
GERM 362,Grmn&Grmny in Glbl Bus Cultr I,3,Spring2023,1
GERM 580,Sr Cpstn Crs:Germ-Spk Eurp Tdy,3,Spring2023,1
GIST 304,Global &Afro-Brazilian Culture,3,Spring2023,1
GIST 308,Key Themes Modern Global Hist,3,Spring2023,1
GIST 501,Topics in:  _____,3,Spring2023,1
GIST 535,Lit&Soc Cntmporary Middle East,3,Spring2023,1
GIST 550,Issues in Global Studies:,3,Spring2023,1
GIST 585,Transnational Terrorism,3,Spring2023,1
GIST 624,Social Movemnts in Middle East,3,Spring2023,1
GIST 678,Chinese Foreign Policy,3,Spring2023,1
GIST 698,Capstone Seminar,3,Spring2023,1
GIST 699,"Capstone Seminar, Honors",3,Spring2023,1
GRK 108,Ancient Greek Readings&Grammar,5,Spring2023,1
GRK 109,"Ancient Grk Readngs&Grammar,Hn",5,Spring2023,1
GRK 312,Homer's Iliad,3,Spring2023,1
HA 340,Spec Stdy Asian Art Bfre 1900:,3,Spring2023,1
HA 342,Spc Stdy18/19th Cnt Erp Am Ar:,3,Spring2023,1
HA 344,Manga: Histories and Theories,3,Spring2023,1
HA 347,Ceramics of East Asia,3,Spring2023,1
HA 353,Modern&Contmprary Afrcn Art,3,Spring2023,1
HA 372,Baroque Art in Europe,3,Spring2023,1
HA 395,Special Study in Baroque Art:,3,Spring2023,1
HA 506,Early Medieval&Romanesque Art,3,Spring2023,1
HA 510,Medevl Mnuscrpt&Erly Prntd Bks,3,Spring2023,1
HA 528,Spatial Arts of Urban Italy,3,Spring2023,1
HA 529,Archlgy&Art of Ancnt Near East,3,Spring2023,1
HA 540,Specl Sdy Asian Art Befr 1900:,3,Spring2023,1
HA 547,Ceramics of East Asia,3,Spring2023,1
HA 567,Contemporary Art,3,Spring2023,1
HA 595,Special Study in Baroque Art:,3,Spring2023,1
HA 698,Honors Essay in Art History,3,Spring2023,1
HAIT 240,Intermediate Haitian II,3,Spring2023,1
HEBR 120,Elementary Modern Hebrew II,5,Spring2023,1
HEBR 220,Intermediate Modern Hebrew II,3,Spring2023,1
HEBR 350,Advanced Modern Hebrew II,3,Spring2023,1
HEIM 420,Legal Aspects of Healthcare,3,Spring2023,1
HEIM 450,Intro to Profess Pract Exper,1,Spring2023,1
HEIM 525,Hlthcare Database & Architctre,3,Spring2023,1
HEIM 540,Health Information Systems,3,Spring2023,1
HEIM 565,Clin Terminol & Classifctons I,4,Spring2023,1
HEIM 665,Top Hlth Info Mang,2,Spring2023,1
HEIM 671,Leadership in Healthcare,3,Spring2023,1
HEIM 676,Healthcare Analytics,3,Spring2023,1
HEIM 679,Info Governance in Hlthcare,3,Spring2023,1
HEIM 680,Managemnt Internship,3,Spring2023,1
HIST 105,Intro Ancient Nr East&Grk Hist,3,Spring2023,1
HIST 108,Medieval History,3,Spring2023,1
HIST 142,Globl Env II:Ecol Hmn Civilztn,5,Spring2023,1
HIST 145,"Glbl Evrn II:Eclgy Hmn Cvlz,Hn",5,Spring2023,1
HIST 308,Key Themes Modern Global Hist,3,Spring2023,1
HIST 316,Mnistr&Mgcns:Blck Rel Slav Prs,3,Spring2023,1
HIST 337,"History, Ethics, Modernity",3,Spring2023,1
HIST 343,The Holocaust in History,3,Spring2023,1
HIST 347,Environmtl Hist of North Amrca,3,Spring2023,1
HIST 348,Histr of the Peoples of Kansas,3,Spring2023,1
HIST 352,American Indians Since 1865,3,Spring2023,1
HIST 353,Indigenous Peoples of North Am,3,Spring2023,1
HIST 359,Black Expr U.S. Since Emancptn,3,Spring2023,1
HIST 363,"Perspectives Sci, Engr & Math",3,Spring2023,1
HIST 395,History of Sushi,3,Spring2023,1
HIST 397,Frm Mao to Now:China's Red Rev,3,Spring2023,1
HIST 415,The Rise of Civilization,3,Spring2023,1
HIST 450,Study Abroad Topics in:,3,Spring2023,1
HIST 501,Topics in Western History:,3,Spring2023,1
HIST 510,Topics in Non-Western History:,3,Spring2023,1
HIST 568,Rise&Fall of the Soviet Union,3,Spring2023,1
HIST 598,Sexuality&Gender Africa Histry,3,Spring2023,1
HIST 691,Undergraduate History Hnrs Sem,3,Spring2023,1
HIST 692,Independent Capstone,3,Spring2023,1
HMGT 305,Hlth Policy & Hlthcare Systems,3,Spring2023,1
HMGT 320,Applied Healthcare Law & Ethic,3,Spring2023,1
HNRS 310,University Scholars Seminar,3,Spring2023,1
HNRS 320,Global Scholars Seminar,3,Spring2023,1
HNRS 380,Critical Thnkng&Advocacy Semnr,1,Spring2023,1
HSCI 415,Career Readiness in Health Sci,1,Spring2023,1
HSCI 420,Nutrition Through Life Cycle,3,Spring2023,1
HSCI 440,Introduction to Epidemiology,3,Spring2023,1
HSCI 445,Intro to Environmental Health,3,Spring2023,1
HSCI 499,Topics in Health Sciences:,2,Spring2023,1
HSCI 521,Adv Nutrition & Metabolism,3,Spring2023,1
HSES 202,Individual and Dual Sports,2,Spring2023,1
HSES 214,Phys Ed Actv Elmn Sch Children,3,Spring2023,1
HSES 306,Principles of Personl Training,3,Spring2023,1
HSES 308,Drugs and Diseases in Society,3,Spring2023,1
HSES 320,Mthds Teachng Physical Educatn,3,Spring2023,1
HSES 358,Creativ Mvmnt&Dance Appreciatn,3,Spring2023,1
HSES 371,Medcl Term for Health Profnls,3,Spring2023,1
HSES 440,Applied Sport&Performance Psyc,3,Spring2023,1
HSES 465,Program Assessment&Evaluation,3,Spring2023,1
HSES 466,Progrm Planing in Health Educn,3,Spring2023,1
HSES 489,Health and Human Sexuality,3,Spring2023,1
HUM 300,Studies in:,3,Spring2023,1
HUM 350,American Indians Since 1865,3,Spring2023,1
HUM 363,"Perspectives Sci, Engr & Math",3,Spring2023,1
IA 209,Interior Architcture Studio II,6,Spring2023,1
IA 230,Lighting Design and Technology,3,Spring2023,1
IA 509,Design-Build Studio,6,Spring2023,1
IA 520,"Products, Materals&Specifcatns",3,Spring2023,1
IA 541,History of Interior Archtcture,3,Spring2023,1
IA 609,Integr Inter Arch Studio,6,Spring2023,1
IA 690,Study Abroad,5,Spring2023,1
IBUS 300,Spec Tpcs Internatnl Business:,5,Spring2023,1
IBUS 462,Comparatve&Cross-Cultural Mgmt,3,Spring2023,1
IBUS 500,Indiv Rsch Internatnl Business,3,Spring2023,1
ILLU 200,Foundations in Image Making,3,Spring2023,1
ILLU 405,Drawing Media for Illustrtn II,3,Spring2023,1
ILLU 410,Fundamentals of Animation,4,Spring2023,1
ILLU 435,Sequential&Narrative Illustrtn,3,Spring2023,1
ILLU 445,Advanced Concept Art,3,Spring2023,1
ILLU 545,Promo & Marketing for ILLU II,4,Spring2023,1
INDD 200,Foundations in Industrial Dsgn,3,Spring2023,1
INDD 212,Drawing for Industrial Desgn I,3,Spring2023,1
INDD 302,Intermed Industrl Desgn Studio,4,Spring2023,1
INDD 308,Materials and Processes,3,Spring2023,1
INDD 448,Prof Industrl Dsgn Studio Prac,3,Spring2023,1
INDD 555,Portfolio,3,Spring2023,1
INDD 581,Senor Industril Dsgn Studio II,4,Spring2023,1
ISP 204,Special Topics:,3,Spring2023,1
ISP 350,American Indians Since 1865,3,Spring2023,1
ISP 530,Indigenous Food and Health,3,Spring2023,1
ISP 542,Ethnobotany,3,Spring2023,1
IST 205,Survey of Information Systems,3,Spring2023,1
IST 401,Mgmt of Integrtd Infor Sys/ERP,3,Spring2023,1
ITAL 101,Studying Abroad:Italy at Glnce,1,Spring2023,1
ITAL 108,Elemntry Italian Conversatn II,3,Spring2023,1
ITAL 315,Adv Composition & Conversation,3,Spring2023,1
ITAL 331,Mafia Movies,3,Spring2023,1
ITAL 601,Italian for Reading Knowledge,3,Spring2023,1
ITAL 695,Grad Directed Readngs in Ital,3,Spring2023,1
ITEC 330,Web Systems and Technologies,3,Spring2023,1
ITEC 342,Information Security Managemnt,3,Spring2023,1
ITEC 424,Network Security,3,Spring2023,1
ITEC 429,Digital Forensics,3,Spring2023,1
ITEC 450,Social & Professional Issues,3,Spring2023,1
JAZZ 406,Jazz Theory and Performance II,3,Spring2023,1
JAZZ 430,Introduction to Jazz Piano,2,Spring2023,1
JMC 505,Professional Development,1,Spring2023,1
JMC 585,Multimedia Sports Journalism,3,Spring2023,1
JMC 608,Ethics & Professional Practice,3,Spring2023,1
JMC 610,Advanced Visual Media,3,Spring2023,1
JMC 611,Sales Strategies,3,Spring2023,1
JMC 615,Social Media Strategc Communcn,3,Spring2023,1
JMC 618,First Amendment and Society,3,Spring2023,1
JMC 635,Statehouse Rprtg-Adv Media/Cap,3,Spring2023,1
JMC 691,Comnty Journlsm-Avd Media/Cap,3,Spring2023,1
JPN 101,Beginning Japanese II,3,Spring2023,1
JPN 108,Elementary Japanese II,5,Spring2023,1
JPN 208,Intermediate Japanese II,5,Spring2023,1
JPN 508,Advanced Modern Japanese II,5,Spring2023,1
JWSH 124,Understanding the Bible,3,Spring2023,1
JWSH 343,The Holocaust in History,3,Spring2023,1
JWSH 347,Jewish Ethics,3,Spring2023,1
JWSH 410,Israel:  From Idea to State,3,Spring2023,1
JWSH 650,Service Learning Jewish Studes,3,Spring2023,1
JWSH 681,Regimes in Mdl-East&Nrth Afrca,3,Spring2023,1
KISW 120,Elementary KiSwahili II,5,Spring2023,1
KISW 220,Intermediate KiSwahili II,3,Spring2023,1
KISW 402,Readings in KiSwahili II,3,Spring2023,1
KOR 101,Beginning Korean II,3,Spring2023,1
KOR 108,Elementary Korean II,5,Spring2023,1
KOR 208,Intermediate Korean II,5,Spring2023,1
KOR 508,Advanced Modern Korean II,5,Spring2023,1
KOR 564,Modern Korean Texts II,3,Spring2023,1
KQKL 114,Elementary Kaqchikel Maya II,3,Spring2023,1
KQKL 234,Intermediate Kaqchikel Maya II,3,Spring2023,1
KQKL 360,Advanced Kaqchikel Maya II,3,Spring2023,1
LA&S 480,Preparng for Intrnatnl Careers,3,Spring2023,1
LAC 314,Topics in LAC - Ltno&CrbbnLit:,3,Spring2023,1
LAC 315,Topics in LAC - Flm Musc Arts:,3,Spring2023,1
LAC 501,Multilinglsm&Mlticultrl Lat Am,3,Spring2023,1
LAC 515,Topics in LAC - Film Msc Arts:,3,Spring2023,1
LAC 517,"Topics in LAC - Pol,Sc,Bs,Ecn:",3,Spring2023,1
LAC 550,Capstone Lat Amrcn&Caribn Stde,3,Spring2023,1
LAT 108,Elementary Latin II,5,Spring2023,1
LAT 109,"Elementary Latin II, Honors",5,Spring2023,1
LAT 310,Vergil's Aeneid,3,Spring2023,1
LDST 304,ACTivist:Gndr Bsd Vlnc Prvntn,1,Spring2023,1
LDST 320,Event Development & Management,3,Spring2023,1
LDST 535,Sm in Leadrshp Strategies&Apps,3,Spring2023,1
LDST 690,Special Topcs in Ldrshp Study:,3,Spring2023,1
LING 312,Phonology I,3,Spring2023,1
LING 343,Bilingualism,3,Spring2023,1
LING 421,Cpstn:Typlgy-Unty&Dvrsty Hm Ln,3,Spring2023,1
LING 425,First Language Acquisition I,3,Spring2023,1
LING 435,Psycholinguistics I,3,Spring2023,1
LING 526,Syntax II,3,Spring2023,1
LING 541,Field Mthds Linguistc Descrptn,3,Spring2023,1
LWS 333,"Purst of Rght: Law, Demo & Pow",3,Spring2023,1
LWS 699,Capstone in Law and Society,3,Spring2023,1
MATH 109,Math Elemntry School Teachrs I,3,Spring2023,1
MATH 409,Tpc Geomtry Sec/Midl Schl Tchr,2,Spring2023,1
MATH 410,Top Hist Mathmt Scnd&Mid Tchrs,1,Spring2023,1
MATH 450,Discrete Mathematics,3,Spring2023,1
MATH 540,Elementary Number Theory,3,Spring2023,1
MATH 608,Statistical Data Science,3,Spring2023,1
MATH 611,Time Series Analysis,3,Spring2023,1
MATH 628,Mathematical Theory Statistics,3,Spring2023,1
MATH 630,Actuarial Mathematics,3,Spring2023,1
MATH 648,Calc of Variations&Integral Eq,3,Spring2023,1
MDCM 603,Medicinal Biochemistry II,3,Spring2023,1
MDCM 607,Clinical Pharmacognosy,1,Spring2023,1
MDCM 626,Medcnl Chem II:Homeostatc Agnt,4,Spring2023,1
ME 390,Special Topics:,5,Spring2023,1
ME 639,Alternative Energy Systems,3,Spring2023,1
ME 642,Design Project Option B,3,Spring2023,1
ME 661,The Finite Element Method,3,Spring2023,1
ME 696,Design for Manufacturability,3,Spring2023,1
MEMT 196,Group Ldrshp Skills Musc Thrpy,2,Spring2023,1
MEMT 250,Human Musicl Learning&Devlpmnt,2,Spring2023,1
MEMT 296,Clinical Techniques for Adults,3,Spring2023,1
MEMT 338,Reh/Cnd Clnc:Non-trad Ensemble,1,Spring2023,1
MEMT 350,Adv Rehearsl/Cond Clinic: Band,1,Spring2023,1
MEMT 352,Adv Rehearsl/Cond Clinic: Orch,1,Spring2023,1
MEMT 419,Technology in Music Education,1,Spring2023,1
MEMT 420,Tchng Elem&Secnd General Music,3,Spring2023,1
MEMT 431,Choral Diction Music Educators,1,Spring2023,1
MEMT 433,Jazz Techniques,1,Spring2023,1
MEMT 464,Music in Therapy,3,Spring2023,1
MEMT 587,Sem Musc Thrpy Profsnl Devl II,1,Spring2023,1
METL 360,Holloware,3,Spring2023,1
METL 362,Metalsmithing,6,Spring2023,1
METL 500,Adv Specl Topics Metalsmithng:,3,Spring2023,1
MGMT 230,Intro to Management Profession,1,Spring2023,1
MGMT 412,HR Management Analytics,3,Spring2023,1
MGMT 416,"Trng,Dvlpmt&Mgmt Carer Ind&Org",3,Spring2023,1
MGMT 431,Legal Evrnmnt Managng Emplyees,3,Spring2023,1
MGMT 434,Internatnl Humn Resourc Mangmt,3,Spring2023,1
MGMT 485,Business Consulting,3,Spring2023,1
MKTG 230,Intro to Marketing Profession,1,Spring2023,1
MKTG 430,New Product Management,3,Spring2023,1
MKTG 453,Retail'g Dist Chan & Sup Chain,3,Spring2023,1
MKTG 455,Pricing,3,Spring2023,1
MTHC 115,Theory II,3,Spring2023,1
MTHC 116,Aural Skills II,1,Spring2023,1
MTHC 302,How to Make Music,3,Spring2023,1
MTHC 303,Writing Music for Guitar,3,Spring2023,1
MTHC 315,Theory IV,4,Spring2023,1
MTHC 404,Graduate Review:  Form,1,Spring2023,1
MTHC 406,Grad Review:  Post-Tonal Music,1,Spring2023,1
MTHC 433,Advd Analysis Contempory Music,3,Spring2023,1
MTHC 442,Modal Counterpoint,3,Spring2023,1
MTHC 476,Orchestration II,3,Spring2023,1
MTHC 480,Electro-Acoustc Composition II,3,Spring2023,1
MUS 388,Curriculum and Pedagogy in:,1,Spring2023,1
MUS 483,Advanced Music Recording,3,Spring2023,1
MUS 587,Entrepreneurship and Outreach,3,Spring2023,1
MUSC 135,Understanding Music,3,Spring2023,1
MUSC 298,Introduction to Jazz,3,Spring2023,1
MUSC 315,History of Country Music,3,Spring2023,1
MUSC 335,Understanding Music-Stdy Abrd,3,Spring2023,1
MUSC 340,Music History II,3,Spring2023,1
MUSC 450,Selected Topics in Music:,3,Spring2023,1
MUSC 470,Music in World Cultures,3,Spring2023,1
MUSC 471,Music of Latin America,3,Spring2023,1
MUSC 477,Graduate Review:  Classic,1,Spring2023,1
MUSC 478,Graduate Review:  Romantic,1,Spring2023,1
MUSC 479,Grad Review:20th-21st Centures,1,Spring2023,1
MUSC 480,Music History IV,3,Spring2023,1
MUSC 483,Music of the Baroque Era,3,Spring2023,1
NAVY 184,Intro to Naval Ships Systms II,3,Spring2023,1
NAVY 220,Seapower and Maritime Affairs,3,Spring2023,1
NAVY 300,Navigation and Operations I,3,Spring2023,1
NAVY 402,Semnr Military Leadership&Mgmt,3,Spring2023,1
NMED  80,"Nclr Instmn, Med Info, Qlty As",2,Spring2023,1
NMED  82,Radiopharmacy II,1,Spring2023,1
NMED  83,Clinical Procedures II,8,Spring2023,1
NMED  84,Clincial Internship II,8,Spring2023,1
NMED  85,Resrch Methods & Health Admin,1,Spring2023,1
NMED 100,NMED Preceptorship,10,Spring2023,1
NURS 326,Pharm Pract Nurse,3,Spring2023,1
NURS 334,"Prof Dev II:Image, Roles&Ethcs",3,Spring2023,1
NURS 335,Quality Improvement,2,Spring2023,1
NURS 336,Alteratns Physiologcl Funct II,3,Spring2023,1
NURS 337,Pharmacology II,2,Spring2023,1
NURS 338,Hlth&Illnss:Nrsg Acrss Lifespn,3,Spring2023,1
NURS 339,Pract II Nurs Across Lifespan,3,Spring2023,1
NURS 382,Honors Seminar,1,Spring2023,1
NURS 401,Basic Spanish for Nurses,2,Spring2023,1
NURS 441,Evidence Based Prac in Nursing,3,Spring2023,1
NURS 444,Using Techn Enhnce Clnt Safety,3,Spring2023,1
NURS 449,Nrsg Pract within Hlthcare Org,3,Spring2023,1
NURS 451,Navg Influn HlthCare Macro-Env,3,Spring2023,1
NURS 466,Lab Data Diag Proc: Clin App,2,Spring2023,1
NURS 476,Nrsg in Evolving Hlthcare Syst,4,Spring2023,1
NURS 477,Practicum V Capstone,3,Spring2023,1
NURS 478,Integ of Concepts & Clin Comps,1,Spring2023,1
NURS 480,Pract IV: Lead in Pop Health,2,Spring2023,1
NURS 483,Honors Practicum II,2,Spring2023,1
NURS 486,Pop Health Local to Global II,2,Spring2023,1
OTMS 699,Special Projects,6,Spring2023,1
P&TX 631,Pharmacology II,3,Spring2023,1
P&TX 633,Pharmacology IV,3,Spring2023,1
P&TX 640,Toxicology,2,Spring2023,1
PCS 329,History of War and Peace,3,Spring2023,1
PERS 220,Intermd Iran/Dar/Tjik Persn II,3,Spring2023,1
PFS 303,Professionalism and Workplace,3,Spring2023,1
PHAR 515,Pharmacy Skills II-A,1,Spring2023,1
PHAR 516,Oral Presntns for Hlth Prfsnl,1,Spring2023,1
PHAR 517,Pharmacy Skills II-B,1,Spring2023,1
PHAR 525,Pharmacy Skills IV,1,Spring2023,1
PHAR 535,Pharmacy Skills VI,1,Spring2023,1
PHAR 537,Pharmacy Skills VIB,1,Spring2023,1
PHCH 518,Phys-Chem Princpls Solut Dosag,3,Spring2023,1
PHCH 626,Biopharmaceutics&Drug Delivery,3,Spring2023,1
PHIL 335,Phil of Social Groups&Identity,3,Spring2023,1
PHIL 340,Women Philosophers,3,Spring2023,1
PHIL 350,Philosphicl Issues in Religion,3,Spring2023,1
PHIL 380,Environmental Ethics,3,Spring2023,1
PHIL 608,Hellenistic Philosophy,3,Spring2023,1
PHIL 612,Modal and Non-classical Logics,3,Spring2023,1
PHIL 650,Metaphysics,3,Spring2023,1
PHIL 654,Philosophy of Mind,3,Spring2023,1
PHIL 662,Aesthetics,3,Spring2023,1
PHIL 674,Philosophy of Law,3,Spring2023,1
PHPR 517,Mediction Safety&Error Prevntn,1,Spring2023,1
PHPR 521,Practical Pediatrics,1,Spring2023,1
PHPR 522,Pharm-Basd Travel Hlth Servces,1,Spring2023,1
PHPR 525,Ambulatory Care,1,Spring2023,1
PHPR 527,Advanced Psychiatric Pharmacy,1,Spring2023,1
PHPR 531,Managed Care Pharmacy Practice,1,Spring2023,1
PHPR 541,Fndtns Interprofessnl Collab I,0,Spring2023,1
PHPR 542,Fndtns Intrprfsnl Collabrtn II,0,Spring2023,1
PHPR 543,Fndtns Intrprfsnl Colabrtn III,0,Spring2023,1
PHPR 613,Pharmacoecnmcs&Health Outcmes,2,Spring2023,1
PHPR 619,HealthCare Systems/Informatics,3,Spring2023,1
PHPR 621,Pharmacy Law,2,Spring2023,1
PHPR 630,Drug Information and Lit Eval,1,Spring2023,1
PHPR 661,Pharmacotherapy I,4,Spring2023,1
PHPR 663,Pharmacotherapy III,4,Spring2023,1
PHPR 665,Pharmacotherapy V,4,Spring2023,1
PHSX 213,General Physics I Honors,5,Spring2023,1
PHSX 315,Intro Computatn Physcs &Astnmy,3,Spring2023,1
PHSX 601,Desgn Physical&Electronic Syst,4,Spring2023,1
PHSX 611,Introductory Quantum Mechanics,3,Spring2023,1
PHSX 615,Numerical&Computatnl Mthd Phsx,3,Spring2023,1
PHSX 621,Mechanics II,3,Spring2023,1
PHSX 631,Electromagnetic Theory,3,Spring2023,1
PHSX 661,Intro Elemntry Particle Physcs,3,Spring2023,1
PHSX 681,Concepts in Solids,3,Spring2023,1
PHSX 693,Gravitation and Cosmology,3,Spring2023,1
PHTO 210,Understanding Photographs,3,Spring2023,1
PHTO 304,Photography II:  Color Digital,4,Spring2023,1
PHTO 315,Experimental Processes,3,Spring2023,1
PHTO 360,The Photobook,3,Spring2023,1
PHTO 500,Portfolio and Thesis,4,Spring2023,1
PIAN 148,Elementary Keyboard Skills II,1,Spring2023,1
PIAN 288,Intermediat Keyboard Skills II,2,Spring2023,1
PIAN 444,Piano Repertoire 2,3,Spring2023,1
PIAN 546,Piano Pedagogy II,3,Spring2023,1
PMGT 315,Project Scheduling and Control,3,Spring2023,1
PMGT 325,Effective Project Team Leaders,3,Spring2023,1
PMGT 335,Project Stakeholder Engagement,3,Spring2023,1
PNTG 368,"Painting II, Honors",3,Spring2023,1
POLS 111,Introd to U.S. Politics Honors,3,Spring2023,1
POLS 330,Intro to Public Administration,3,Spring2023,1
POLS 331,"Intro Public Administratn,Hnrs",3,Spring2023,1
POLS 350,Cntmpry Iss Comparatv Politics,3,Spring2023,1
POLS 399,Data 2:Foundations Data Scinc,3,Spring2023,1
POLS 494,Washingtn Semester Intern Smnr,3,Spring2023,1
POLS 495,Topeka Semester Intern Seminar,3,Spring2023,1
POLS 501,Contemporary Political Thought,3,Spring2023,1
POLS 515,American Political Parties,3,Spring2023,1
POLS 528,Environmntl Justce&Publ Policy,3,Spring2023,1
POLS 582,Transnational Terrorism,3,Spring2023,1
POLS 609,Topics in Political Theory:,3,Spring2023,1
POLS 611,Cnstitutnl Law:Civil Liberties,3,Spring2023,1
POLS 613,Comparativ U.S. State Politics,3,Spring2023,1
POLS 617,The Congress,3,Spring2023,1
POLS 623,The Politics of Social Policy,3,Spring2023,1
POLS 625,Extremst Groups&Gov't Response,3,Spring2023,1
POLS 626,Political Polling&Survey Rsrch,3,Spring2023,1
POLS 648,Western European Politics,3,Spring2023,1
POLS 659,Political Dynamics of Latin Am,3,Spring2023,1
POLS 660,"Pltcs Dvlpmnt:Latn Am,Afr&Asia",3,Spring2023,1
POLS 661,Politics of the Middle East,3,Spring2023,1
POLS 666,Political Economy of East Asia,3,Spring2023,1
POLS 669,Topics in Comparativ Politics:,3,Spring2023,1
POLS 670,United States Foreign Policy,3,Spring2023,1
POLS 672,Internationl Political Economy,3,Spring2023,1
POLS 673,International Organization,3,Spring2023,1
POLS 674,Global Justice &Foreign Policy,3,Spring2023,1
POLS 677,U.S. National Security Policy,3,Spring2023,1
POLS 688,U.S.Counterterror Approaches,3,Spring2023,1
POLS 689,Topcs International Relations:,3,Spring2023,1
POLS 699,Community Data Lab,3,Spring2023,1
PORT 108,Elmtry Brazilian Portuguese II,5,Spring2023,1
PORT 216,Intrmd Brazilian Portuguese II,3,Spring2023,1
PORT 300,Brazilian Culture,3,Spring2023,1
PORT 347,Brazilian Studies:,3,Spring2023,1
PORT 612,Acc Basic Port Span Speakrs II,3,Spring2023,1
PRNT 300,Special Topics in Printmaking:,3,Spring2023,1
PRNT 500,Adv Special Topics Prntmking:,3,Spring2023,1
PRVM 431,Interdisc Leadership Dev Disa,3,Spring2023,1
PSYC 399,Data 2:Foundations Data Scinc,3,Spring2023,1
PSYC 430,Cognitive Development,3,Spring2023,1
PSYC 469,Seminar:,3,Spring2023,1
PSYC 470,Intro Contemprary Psychotherap,3,Spring2023,1
PSYC 472,Psychology of Sleep & Dreaming,3,Spring2023,1
PSYC 521,Women and Violence,3,Spring2023,1
PSYC 595,Eating and Weight Disorders,3,Spring2023,1
PSYC 699,Community Data Lab,3,Spring2023,1
PUAD 333,Hard Choices Public Administr:,3,Spring2023,1
PUAD 407,Introdctn to Project Managemnt,3,Spring2023,1
PUAD 441,Public Service Leadership,3,Spring2023,1
QUEC 234,Intermediate Quechua II,3,Spring2023,1
REES 220,Societies &Cultures of Eurasia,3,Spring2023,1
REES 221,"Societies&Cultures Eurasia, Hr",3,Spring2023,1
REES 480,Topics Russan&East Europ Stds:,3,Spring2023,1
REL 102,Violence and Religious Ethics,3,Spring2023,1
REL 124,Understanding the Bible,3,Spring2023,1
REL 316,Ancient Magic and Witches,3,Spring2023,1
REL 362,Studies in Yoga & Meditation,3,Spring2023,1
REL 370,Judaism and Sexuality,3,Spring2023,1
REL 380,Philosphicl Issues in Religion,3,Spring2023,1
REL 573,Judaism and Sexuality,3,Spring2023,1
RESP 302,Resp Evidence Based Pract II,1,Spring2023,1
RESP 325,Mech Ventlatrs,3,Spring2023,1
RESP 326,Mechanical Ventilation Lab,2,Spring2023,1
RESP 335,Clinical Applic II,4,Spring2023,1
RESP 340,Respiratory Review I,1,Spring2023,1
RESP 400,Chronic Resp Disease Managemt,3,Spring2023,1
RESP 420,"Hlth Care Mangmt, Ethics & Law",2,Spring2023,1
RESP 450,Chronic Resp Disease Mgt,3,Spring2023,1
RESP 460,ACCS Specialty Credential Prep,3,Spring2023,1
RESP 480,Simulation and IPE,3,Spring2023,1
RESP 615,Respiratory Review II,3,Spring2023,1
RESP 625,Clinical Application V,4,Spring2023,1
RESP 630,Lean Management,3,Spring2023,1
RUSS 208,Intermediate Russian II,5,Spring2023,1
RUSS 508,Advanced Russian II,3,Spring2023,1
RUSS 516,Russian for the Professions II,3,Spring2023,1
SCM 400,Specl Topcs Supply Chain Mgmt:,3,Spring2023,1
SCM 453,Retail'g Dist Chan & Sup Chain,3,Spring2023,1
SCM 460,Supply Chain Analytics,3,Spring2023,1
SCUL 300,Special Topics in Sculpture:,3,Spring2023,1
SCUL 500,Advncd Specl Topics Sculpture:,3,Spring2023,1
SLAV 101,Introduction to Slovene,1,Spring2023,1
SLAV 144,Srvy Russian Liter in Transltn,3,Spring2023,1
SLAV 145,"Survy Russian Lit Transltn,Hrs",3,Spring2023,1
SLAV 340,Lang Landscape of East Europe,3,Spring2023,1
SLAV 341,Lang Landscape of EE Hnrs,3,Spring2023,1
SLAV 370,War&Violence Russian Lit&Film,3,Spring2023,1
SLAV 379,Topics in:,3,Spring2023,1
SLAV 499,Honors Thesis,3,Spring2023,1
SLAV 508,S Slavic Literatr&Civilization,3,Spring2023,1
SLAV 516,Film Adaptatn Polish&Czech Lit,3,Spring2023,1
SLAV 534,Tolstoy,3,Spring2023,1
SLAV 540,Lang&Ident EC Eur&Frmr Sov Uni,3,Spring2023,1
SLAV 570,War&Violence Russian Lit&Film,3,Spring2023,1
SOC 161,Social Probs&Amercn Values Hrs,3,Spring2023,1
SOC 308,Principles of Family Sociology,3,Spring2023,1
SOC 321,"Wealth, Power, and Inequality",3,Spring2023,1
SOC 363,The Sociology of Culture,3,Spring2023,1
SOC 364,"Society,Populr Cultr&the Media",3,Spring2023,1
SOC 385,Environmental Social Problems,3,Spring2023,1
SOC 386,Sociology of Global Food,3,Spring2023,1
SOC 400,Sociology Special Topics:,3,Spring2023,1
SOC 462,Violence and Society,3,Spring2023,1
SOC 529,Globalization,3,Spring2023,1
SPAN 171,"Hspnc Lang, Cultr&Civlztn I-B:",3,Spring2023,1
SPAN 270,"Hspnc Lang, Cult&Civlztn II-A:",3,Spring2023,1
SPAN 325,Spanish for Heritage Learners,3,Spring2023,1
SPAN 326,Spansh for Health Care Workers,3,Spring2023,1
SPAN 448,Span Lang&Culture for Business,3,Spring2023,1
SPAN 450,Medieval Spanish Studies:,3,Spring2023,1
SPAN 453,20th Century Spanish Studies:,3,Spring2023,1
SPAN 462,20 Centry Spansh-Amer Studies:,3,Spring2023,1
SPAN 560,Collquium on Latin Amercn Film,3,Spring2023,1
SPAN 570,Studies in Hispnc Linguistics:,3,Spring2023,1
SPED 362,Intro Early Educ&Child Sp Educ,3,Spring2023,1
SPED 441,EBP in ELA: Vocab & Comp,2,Spring2023,1
SPED 442,"EBP Math, Sci, and SS for IEPs",2,Spring2023,1
SPED 444,Assess Stdts with IEPs,3,Spring2023,1
SPED 495,Developing ECU Teach Portfolio,1,Spring2023,1
SPED 650,Constructng Early Chld Currclm,3,Spring2023,1
SPED 661,Suprt Chld Signf Lrn&Beh Chall,3,Spring2023,1
SPED 664,Inclusv Strat&Intrvn Infnt&Tod,3,Spring2023,1
SPLH 463,Principles of Hearing Science,3,Spring2023,1
SPLH 497,Mentored Research Experience,8,Spring2023,1
SPLH 516,Speech Perception,2,Spring2023,1
SPLH 565,Language Sample Analysis Lab,1,Spring2023,1
SPLH 566,Language Development,3,Spring2023,1
SPLH 589,Multicultrl Considrtns SPLH II,1,Spring2023,1
SW 310,Stress & Supporting Wellbeing,3,Spring2023,1
SW 490,Directed Readings,1,Spring2023,1
SW 510,Interviewing Skills,1,Spring2023,1
SW 512,Skills-Based Policy Advocacy,1,Spring2023,1
SW 534,Intro Social Policy & Advocacy,3,Spring2023,1
SW 571,Respondng Suicide & Self-Harm,1,Spring2023,1
SW 572,Substance Use,1,Spring2023,1
SW 573,Intergenrtnl&Historical Trauma,1,Spring2023,1
SW 612,Mltlvl Intrvntn&Eval SW Prac,3,Spring2023,1
SW 623,Capstone:  Soc Wrk Prof Issues,3,Spring2023,1
SW 640,Grant Writing&Program Develmnt,1,Spring2023,1
SW 641,Dismantling White Supremacy,1,Spring2023,1
SW 642,Financial Capability & SW Prac,1,Spring2023,1
SW 643,Gender-based Violence,1,Spring2023,1
TD 315,Textle Hndprntg&Resist Process,3,Spring2023,1
THR 302,Undergraduate Seminar in:,3,Spring2023,1
THR 316,Beginning Scene Design,3,Spring2023,1
THR 326,African Theatre and Drama,3,Spring2023,1
THR 406,Audition Techniques,3,Spring2023,1
THR 407,Advanced Acting Special Topic:,3,Spring2023,1
THR 517,Computer-Aided Design,3,Spring2023,1
THR 526,History of Theatre II,3,Spring2023,1
THR 528,History of U.S. Theatre &Drama,3,Spring2023,1
THR 619,Scenogrphy Contemporary Script,3,Spring2023,1
TIB 102,Elementary Tibetan II,3,Spring2023,1
TURK 108,Elementary Turkish II,5,Spring2023,1
UBPL 300,Planning the Sustainable City,3,Spring2023,1
UBPL 425,Environmental Planning Techniq,3,Spring2023,1
UNIV 120,Introductn to Engaged Learning,2,Spring2023,1
UNIV 299,Service Learning Project,1,Spring2023,1
UNIV 492,Specl Projects in the Communty,2,Spring2023,1
UNIV 602,Sponsored Educatnl Experiences,0,Spring2023,1
UTEC  60,Adv Songrphy Princpls&Instr II,2,Spring2023,1
UTEC  61,Obstetrical Sonography 1st Tri,1,Spring2023,1
UTEC  62,Abdominal Sonography II,2,Spring2023,1
UTEC  63,Obst Sono 2nd & 3rd Tri,1,Spring2023,1
UTEC  64,Small Parts Sonography II,1,Spring2023,1
UTEC  65,Vascular Technology I,1,Spring2023,1
UTEC  66,Clinical Internship II,8,Spring2023,1
UTEC  90,Senior Seminar and Review II,3,Spring2023,1
UTEC  91,Clinical Internship V,4,Spring2023,1
UYGR 102,Elementary Uyghur II,3,Spring2023,1
UYGR 202,Intermediate Uyghur II,3,Spring2023,1
VAE 320,Instruction and Curriculum I,3,Spring2023,1
VAE 395,Community Collabratn in Art Ed,3,Spring2023,1
VAE 596,Practicum in Teaching Art,2,Spring2023,1
VISC 302,Typographic Systems,4,Spring2023,1
VISC 304,Designing Understanding,4,Spring2023,1
VISC 402,Designer as Author,3,Spring2023,1
VISC 425,Environmental Graphics,3,Spring2023,1
VISC 520,Designing for Change,4,Spring2023,1
VOIC 405,Vocal Literature I,2,Spring2023,1
WGSS 111,Intro to Human Sexuality Stds,3,Spring2023,1
WGSS 329,Introduction to Queer Theory,3,Spring2023,1
WGSS 516,Gender&Sexuality Roman Culture,3,Spring2023,1
WGSS 521,Women and Violence,3,Spring2023,1
WGSS 552,The Rhetoric of Women's Rights,3,Spring2023,1
WGSS 598,Sexuality&Gender Africa Histry,3,Spring2023,1
WGSS 601,"Sem Wmn,Gndr&Sexuality Studies",3,Spring2023,1
WGSS 696,Studies in:,3,Spring2023,1
WOLO 220,Intermediate Wolof II,3,Spring2023,1
WOLO 320,Advanced Wolof II,3,Spring2023,1
WOLO 402,Readings in Wolof II,3,Spring2023,1
